Healthcare ID,Hub ID
NHT590,LQK843
MIC152,JXM215
BPV344,GBA599
CKX812,FQH389
RJZ721,LKX838
EUD323,SVF477
NHT590,QSJ478
MIC152,DCU197
BPV344,YZC291
CKX812,BFF299
RJZ721,NRU673
EUD323,JMA441
NHT590,DGM652
MIC152,FFP215
BPV344,FFK588
CKX812,KPB949
RJZ721,PFA817
EUD323,WBW293
NHT590,DKU159
MIC152,CDJ923
BPV344,HSR416
CKX812,MDW573
RJZ721,DKZ489
EUD323,RWM544
NHT590,QFS889
MIC152,IZL759
BPV344,XCF101
CKX812,UVR255
RJZ721,ANB584
EUD323,GXH985
NHT590,EMN601
MIC152,EDH547
BPV344,ZGY286
CKX812,GDH960
RJZ721,XPD273
EUD323,BRI545
NHT590,GMW270
MIC152,YFH107
BPV344,IXX330
CKX812,XVB899
RJZ721,SUV993
EUD323,INA724
NHT590,AUX571
MIC152,HVX259
BPV344,VNF731
CKX812,IHB590
RJZ721,CVU863
EUD323,MIH243
NHT590,TZL892
MIC152,WWK951
BPV344,IPG104
CKX812,HXR787
RJZ721,HPY160
EUD323,FEB345
NHT590,UBV271
MON797,MHW513
NNM629,XDQ767
WYX663,IFC238
WJN243,DXP728
YCD664,LMU258
CHA746,XAZ511
MFA944,NQU594
KHH413,OKX413
RKD620,JFC312
GEL278,UUA393
EPR491,YYO575
MON797,TIO266
NNM629,VTY810
WYX663,KEM707
WJN243,LSC187
YCD664,JYV765
CHA746,AOQ976
MFA944,UZA622
KHH413,CKF272
RKD620,ZTL351
GEL278,FIV555
EPR491,LGG126
MON797,BRQ266
NNM629,YRD948
WYX663,NVM375
WJN243,BUD739
YCD664,UVJ360
CHA746,TTH205
MFA944,PPK907
KHH413,CWP335
RKD620,VUC414
GEL278,XOP555
EPR491,NTP139
MON797,KSR329
NNM629,LSS291
WYX663,XWO367
WJN243,STX227
YCD664,DHU215
CHA746,HQI406
MFA944,DYI532
KHH413,XBF428
RKD620,TZE879
GEL278,XBB210
EPR491,DYE354
MON797,HCJ130
NNM629,IUC331
WYX663,JCG268
WJN243,YLQ382
YCD664,ISU596
CHA746,QEP618
MFA944,GSN826
KHH413,DDX452
RKD620,JRF396
GEL278,IEU250
EPR491,LQB687
MON797,MCH752
NNM629,ZZE974
WYX663,YOV707
WJN243,BAT482
YCD664,ADD417
CHA746,NKO265
MFA944,IFE635
KHH413,KTE371
RKD620,MEW796
GEL278,FYF716
EPR491,FNK879
MON797,UQE437
NNM629,VQR238
WYX663,UZQ926
WJN243,JVM716
YCD664,KWY744
CHA746,RQM494
MFA944,QXP685
KHH413,KPZ966
RKD620,IRE155
GEL278,SAA171
EPR491,ZPL865
MON797,BBM983
NNM629,UKB703
WYX663,VVX446
WJN243,GUZ247
YCD664,UEN643
CHA746,WFY672
MFA944,GJA505
KHH413,KEH251
RKD620,QRM288
GEL278,AKK803
EPR491,JFO717
MON797,VAV975
NNM629,BGH732
WYX663,COS150
WJN243,NKO277
YCD664,AHT411
CHA746,HTC695
MFA944,BCP564
KHH413,QTG492
RKD620,WVV586
GEL278,OXK619
EPR491,WRC231
MON797,KRH487
NNM629,JIB906
WYX663,ANG985
WJN243,QAT135
YCD664,BOV951
CHA746,THI271
MFA944,DAM238
KHH413,SSO865
RKD620,SBG634
GEL278,KPN608
EPR491,HMI883
MON797,WJL925
NNM629,XNS304
WYX663,XXI370
WJN243,CUQ986
YCD664,NJI629
CHA746,OXZ965
MFA944,IVJ383
KHH413,YOF431
RKD620,ATT877
GEL278,XBH353
EPR491,XPP231
MON797,JCS363
NNM629,BPA482
WYX663,LTC748
WJN243,UDC415
YCD664,WIZ252
CHA746,UHV619
MFA944,FES170
KHH413,TTE697
RKD620,UPD860
GEL278,UUJ744
EPR491,TCM400
MON797,EIW727
NNM629,XOC468
WYX663,LEQ110
WJN243,SXG311
YCD664,SJU176
CHA746,WZB657
MFA944,IEH657
KHH413,PVU920
RKD620,ICR115
GEL278,OJK621
EPR491,TID940
MON797,HUN484
NNM629,EFJ589
WYX663,ENM561
WJN243,VTD624
YCD664,DPS317
CHA746,DRY792
MFA944,QKJ293
KHH413,WYG928
RKD620,XEL847
GEL278,HGN881
EPR491,WMV232
MON797,TMY924
NNM629,AXO708
WYX663,VPM976
WJN243,PXR988
YCD664,AOM871
CHA746,DHE771
MFA944,YIW548
KHH413,BUS870
RKD620,IPI446
GEL278,PZP763
EPR491,YNA573
MON797,AXH324
NNM629,AAH844
WYX663,LUU446
WJN243,GLF543
YCD664,RXZ637
CHA746,KQE537
MFA944,JWW470
KHH413,RBG687
RKD620,NEJ253
GEL278,KOL255
EPR491,TMN908
MON797,BAM866
NNM629,MPN354
WYX663,USX281
WJN243,JWU446
YCD664,KFB312
CHA746,TXJ832
MFA944,FBN292
KHH413,YZM252
RKD620,XTH675
GEL278,OUO500
EPR491,JSP545
MON797,QOW665
NNM629,GWN662
WYX663,DCD372
WJN243,UDH968
YCD664,FEL828
CHA746,WSD915
MFA944,FZG918
KHH413,GDZ209
RKD620,OMD253
GEL278,HNR532
EPR491,SND418
MON797,GJL983
NNM629,HYS574
WYX663,CUA931
WJN243,DKC990
YCD664,CSN219
CHA746,RJR447
MFA944,PWX230
KHH413,MAB949
RKD620,RAH789
GEL278,IHJ905
EPR491,WMZ902
MON797,CPD381
NNM629,ZHQ703
WYX663,LPY468
WJN243,FFX986
YCD664,WLW730
CHA746,IFO404
MFA944,LHV365
KHH413,AUX112
RKD620,UPK839
GEL278,UWM216
EPR491,VLD930
MON797,OTG670
NNM629,XZT704
WYX663,HIC640
WJN243,YBH195
YCD664,PFO843
CHA746,HVM704
MFA944,PAO366
KHH413,SCE644
RKD620,QJZ916
GEL278,DLN376
EPR491,UBC972
MON797,EIK977
NNM629,ICP997
WYX663,JJA278
WJN243,DZX374
YCD664,KMC575
CHA746,CWC465
MFA944,WXR903
KHH413,PXZ543
RKD620,URG674
GEL278,YHD824
EPR491,XKL472
MON797,DJI729
NNM629,IZW299
WYX663,POY425
WJN243,MWL475
YCD664,EHE612
CHA746,LHK766
MFA944,TAR411
KHH413,LDW243
RKD620,HLR475
GEL278,SCE443
EPR491,QGW783
MON797,PRP111
NNM629,ZMP782
WYX663,DDO466
WJN243,TKO509
YCD664,WXX545
CHA746,VAC870
MFA944,GNS562
KHH413,GPL941
RKD620,NZY846
GEL278,QVX966
EPR491,QIV234
MON797,TWB543
NNM629,GPF628
WYX663,MCI993
WJN243,YZA186
YCD664,CFQ906
CHA746,YXV908
MFA944,WIK423
KHH413,AZC764
RKD620,EXT302
GEL278,VWU227
EPR491,LYK230
MON797,ERC813
NNM629,HDM180
WYX663,WKT788
WJN243,QYS339
YCD664,WPL179
CHA746,FSX304
MFA944,VNF192
KHH413,BLH734
RKD620,DLN527
GEL278,KRR588
EPR491,ZII250
MON797,QJL616
NNM629,DDD310
WYX663,UKU971
WJN243,ABG136
YCD664,LEP808
CHA746,RFW364
MFA944,TGP839
KHH413,FAG655
RKD620,HYP200
GEL278,FMG710
EPR491,DGL398
MON797,IHA915
NNM629,WMO157
WYX663,IVR294
WJN243,GQF378
YCD664,BSZ473
CHA746,KRM349
MFA944,QHI150
KHH413,CTW582
RKD620,KYI510
GEL278,LTD105
EPR491,MGY320
MON797,UHR372
NNM629,WFY826
WYX663,HAF583
WJN243,FGP780
YCD664,SWY409
CHA746,ZYY565
MFA944,RKM139
KHH413,HGX720
RKD620,YNZ409
GEL278,PBH522
EPR491,VKL805
MON797,LGR436
NNM629,UMQ833
WYX663,GOP789
WJN243,YWQ193
YCD664,WBE896
CHA746,CZA493
MFA944,ZWM471
KHH413,IXW631
RKD620,UKW376
GEL278,YTE695
EPR491,SGJ382
MON797,ZVY612
NNM629,CVJ452
WYX663,URX911
WJN243,OFF577
YCD664,TSB857
CHA746,BCZ174
MFA944,WTW234
KHH413,VNU431
RKD620,RZY946
GEL278,HAR403
EPR491,IGJ225
MON797,TCZ984
NNM629,SCY423
WYX663,WDF548
WJN243,RPI184
YCD664,EBP920
CHA746,SFV179
MFA944,CHX366
KHH413,VVO715
RKD620,ZYB804
GEL278,AOP977
EPR491,VCX415
MON797,KCM241
NNM629,KZF935
WYX663,QEP305
WJN243,XAV336
YCD664,YUK141
CHA746,ZOR226
MFA944,ZXW166
KHH413,XNQ367
RKD620,SKA382
GEL278,GRA417
EPR491,ROP574
MON797,EOA170
NNM629,RFP246
WYX663,ANZ631
WJN243,HKS116
YCD664,GRX752
LDL379,LQP593
LDL379,TJG322
LDL379,POB194
LDL379,CJM126
LDL379,JTR690
LDL379,KPZ792
LDL379,YAO924
LDL379,LLN382
LDL379,DJS894
LDL379,FST514
LDL379,DIV923
LDL379,UHJ118
LDL379,ROA779
LDL379,PIP889
LDL379,GWJ558
LDL379,HIA704
LDL379,YFA397
LDL379,RUK189
BGT682,CZV215
BGT682,XKZ527
BGT682,FLY371
BGT682,MPY998
BGT682,QZA510
BGT682,VOA348
BGT682,FRL517
BGT682,JKC921
BGT682,OYU256
BGT682,QBZ240
BGT682,QBH796
BGT682,REZ550
BGT682,TPF156
BGT682,SUO198
BGT682,VQB701
BGT682,SEL846
BGT682,VCG578
BGT682,YFJ172
BGT682,KSY639
BGT682,FAI979
BGT682,YNJ638
BGT682,ESW174
BGT682,VGA431
BGT682,EMY388
BGT682,LUW224
BGT682,SUL525
BGT682,FZC913
BGT682,WIB993
BGT682,DCR690
BGT682,UMG344
BGT682,YHT762
PYN367,KVB717
IUH885,JEZ988
PQI989,VLG939
TZJ357,ZBT392
IRI315,LAP197
SOB719,NLP517
OWJ353,HEZ611
HDO756,SQX429
LBK363,PCF125
JUU895,UWX446
ZIN632,PUV281
PYN367,HGY323
IUH885,NKH905
PQI989,HUE146
TZJ357,FEH214
IRI315,LYU764
SOB719,JCB127
OWJ353,PEE609
HDO756,TXT639
LBK363,GUP408
JUU895,PJU399
ZIN632,SCN226
PYN367,EKS180
IUH885,UBY241
PQI989,YXB504
TZJ357,BPC863
IRI315,XUX128
SOB719,HFM580
OWJ353,AZR993
HDO756,TTK285
LBK363,PBW661
JUU895,FAM895
ZIN632,WRD632
PYN367,VDO412
IUH885,IQD768
PQI989,ZKI333
TZJ357,IUS704
IRI315,CRN852
SOB719,JDC792
OWJ353,YLB960
HDO756,MNA634
LBK363,UXO769
JUU895,HYM140
ZIN632,LVL332
PYN367,QCG475
IUH885,TYV200
PQI989,HMF494
TZJ357,YBH544
IRI315,CPZ285
SOB719,YKS841
OWJ353,OCR674
HDO756,APD508
LBK363,WPC593
JUU895,NLJ258
ZIN632,TJN643
PYN367,DKZ131
IUH885,QVV248
PQI989,PZW758
TZJ357,ZBV379
IRI315,FCN713
SOB719,LMQ179
OWJ353,NPR430
HDO756,NFU992
LBK363,WGH316
JUU895,WGU956
ZIN632,UYC786
PYN367,WSY154
IUH885,ACY401
PQI989,PBJ735
TZJ357,PJQ609
IRI315,QEG898
SOB719,QVC465
OWJ353,IIJ935
HDO756,PNC107
LBK363,CEI945
JUU895,VDE107
ZIN632,GQH998
PYN367,RUZ205
IUH885,ZEK485
PQI989,IVT830
TZJ357,OTB643
IRI315,OJB756
SOB719,VOD325
OWJ353,YUY372
HDO756,VVG107
LBK363,CLX705
JUU895,QIO206
ZIN632,QAG408
PYN367,AHU248
IUH885,XVA968
PQI989,UVK827
TZJ357,FOJ220
IRI315,ONO874
SOB719,FGO712
OWR810,WKI670
WBB625,TUO276
SUM259,ZDQ280
IYQ638,ZGJ997
TQO722,VTK785
FME348,EHE613
CGP901,FRK650
KVV707,CYD344
OWR810,UVE512
WBB625,IAX446
SUM259,CNT111
IYQ638,KBS203
TQO722,EYR331
FME348,UEW870
CGP901,DSX619
KVV707,HRH386
OWR810,WXG785
WBB625,SHC777
SUM259,MDI556
IYQ638,UQT946
TQO722,ZAT232
FME348,DRX781
CGP901,LDR540
KVV707,KOV982
OWR810,PHE450
WBB625,PEG390
SUM259,GKK824
IYQ638,NKA971
TQO722,VBT209
FME348,WTQ855
CGP901,WAR727
KVV707,MDV342
OWR810,AXP969
WBB625,RTF795
SUM259,LUY181
IYQ638,WQS696
TQO722,FZB928
FME348,LKK883
CGP901,VPG916
KVV707,AMF876
OWR810,YNQ351
WBB625,IPL259
SUM259,IIJ711
IYQ638,AXW476
TQO722,ZEG324
FME348,XEG418
CGP901,QGD686
KVV707,CNQ490
OWR810,IQB650
WBB625,VSW637
SUM259,YFZ796
IYQ638,ZZM298
TQO722,SOP905
FME348,FUB416
CGP901,PFV601
KVV707,KGC297
OWR810,KML334
WBB625,FTK559
SUM259,XBZ539
IYQ638,SMF141
TQO722,PKA775
FME348,OIC641
CGP901,FIS771
KVV707,HUK888
OWR810,FPC829
WBB625,YPE709
SUM259,JPX292
IYQ638,BGA418
TQO722,ZPX307
FME348,AWJ269
CGP901,AIF696
KVV707,JUE187
OWR810,DXG716
WBB625,RBD185
SUM259,XQQ993
IYQ638,QFI385
TQO722,DDJ274
FME348,PVL839
CGP901,KKN417
KVV707,VBU583
OWR810,WQV350
WBB625,NHV972
SUM259,YZV458
IYQ638,WBQ679
TQO722,TUL510
FME348,JAI528
CGP901,TGJ226
KVV707,DUZ358
OWR810,GBO356
WBB625,CVT546
SUM259,STV303
IYQ638,GHW344
TQO722,JML424
FME348,BFO113
CGP901,NIW179
KVV707,EYZ650
OWR810,CVC139
WBB625,CQS602
SUM259,TZA241
IYQ638,YMB825
TQO722,IZN472
FME348,VNL120
CGP901,ZEE174
KVV707,CWK168
OWR810,LNR734
WBB625,LQB839
SUM259,UNR165
IYQ638,HIY906
TQO722,IAD151
FME348,THP262
CGP901,IPF709
KVV707,ENF558
OWR810,EVP377
WBB625,OJF194
SUM259,FUF614
IYQ638,PBX697
TQO722,JHB219
FME348,BGQ164
CGP901,WXQ739
KVV707,MRM330
OWR810,IMV683
WBB625,ATR518
SUM259,NMN102
IYQ638,WVE938
TQO722,AQI553
FME348,OKI207
CGP901,QKO275
KVV707,KQI939
OWR810,AFO205
WBB625,KTM154
SUM259,GED647
IYQ638,OSJ668
TQO722,PWK221
FME348,ONC755
CGP901,JUF917
KVV707,ZQY981
OWR810,RQN425
WBB625,ATQ858
SUM259,ZGR937
IYQ638,ZYH649
TQO722,SPS360
FME348,FCK104
CGP901,ZSA924
KVV707,WYN350
OWR810,EKA345
WBB625,OJT657
SUM259,MTN646
IYQ638,KGS223
TQO722,EWN905
FME348,KFI476
CGP901,WMB858
KVV707,CVE124
OWR810,ICO223
WBB625,OPL469
SUM259,FLD621
IYQ638,FAH121
TQO722,OAV807
FME348,ORU428
CGP901,YIL857
KVV707,YZP773
OWR810,OQZ921
WBB625,JMX535
SUM259,GVB627
IYQ638,YTO370
TQO722,TIR566
FME348,VLX439
CGP901,MYL916
KVV707,MCL246
OWR810,YOP618
WBB625,FAF997
SUM259,VKC216
IYQ638,PSJ462
TQO722,MJP372
FME348,WIU527
CGP901,BIE272
KVV707,UJC454
OWR810,FKT187
WBB625,NBK573
SUM259,CHX585
IYQ638,KVC474
TQO722,ZXO305
FME348,MSK883
CGP901,OED212
KVV707,MHC596
OWR810,WRY154
WBB625,BCC355
SUM259,MIK970
IYQ638,ZDU620
TQO722,QAX309
FME348,QDX836
CGP901,WJD615
KVV707,AWZ886
OWR810,CNH360
WBB625,MBY715
SUM259,PPA449
IYQ638,PYX340
TQO722,ESN950
FME348,YIT306
CGP901,KFJ241
KVV707,MQP447
OWR810,IBZ935
WBB625,QWD327
SUM259,ZIH323
IYQ638,PRU156
TQO722,XPD843
FME348,FOF819
CGP901,TMC503
KVV707,OFU318
OWR810,WTV691
WBB625,ZYG893
SUM259,AIH135
IYQ638,GBJ230
TQO722,VZF662
FME348,LEM337
CGP901,NFE823
KVV707,WRG992
OWR810,NOG272
WBB625,RUR846
SUM259,QKS286
IYQ638,BJU686
TQO722,UOM787
FME348,XOJ652
CGP901,CUK358
KVV707,ZLM399
OWR810,DFQ404
WBB625,IIY122
SUM259,RSR947
IYQ638,FLC148
TQO722,ZFF355
FME348,SUM494
VPN912,IIM354
YNZ652,GEM677
LMV523,RXP191
EYM572,GTM988
WNV621,DUG117
PGB797,REA781
GRL317,AWT565
MFB639,ZIX110
IHX807,GRS982
TVA129,VLB210
ONW502,OYL743
BLK724,NCO174
BKZ355,PVO227
PDH180,DBR336
PVQ950,NHZ400
OOD328,FKN414
VPB942,NZM623
OQU741,RLJ461
QZR500,CPD357
UEF985,JWP630
BJP534,DLC506
MPG442,TQU533
DJX394,BKN458
VOF717,KFH882
HVM398,RIB125
KNC791,IWW222
VPN912,SFX514
YNZ652,RVS415
LMV523,TOH707
EYM572,SBH511
WNV621,BJA670
PGB797,VYT533
GRL317,RWK476
MFB639,RKJ816
IHX807,EWR644
TVA129,DLE455
ONW502,CVM451
BLK724,WIE396
BKZ355,OZS940
PDH180,BUD899
PVQ950,QZY259
OOD328,FWD206
VPB942,DIL481
OQU741,JMI555
QZR500,BCT451
UEF985,QYZ238
BJP534,BHA281
MPG442,DOR403
DJX394,KIE758
VOF717,GBF616
HVM398,DNJ126
KNC791,PRV444
VPN912,MYS101
YNZ652,IFM410
LMV523,XER612
EYM572,RNJ873
WNV621,ILB157
PGB797,CZI180
GRL317,AZI189
MFB639,VHC694
IHX807,SZH243
TVA129,QLW260
ONW502,PPJ747
BLK724,UNK537
BKZ355,YUO803
PDH180,WDP491
PVQ950,ULA347
OOD328,QHF745
VPB942,KIL659
OQU741,URI892
QZR500,DBW592
UEF985,YNF251
BJP534,XBS678
MPG442,HOB249
PYP243,UOM755
VNL903,MIC902
QWN136,GHP342
AAT125,ECN331
NFH943,AUZ331
OFP967,XQN219
LEX327,XSA956
DHK869,UQF149
EKA884,VUB631
YPG650,VNX877
LTU805,FZY788
VZX103,BSH267
UHJ139,DJD420
WYH864,IBQ188
FUN163,MID588
FJS367,LWI376
EVB608,PHJ478
EAD776,UQL214
DVP984,MHH211
NGT902,SOX606
MTN706,ANR749
MBP455,BBW826
GRP215,NEZ309
HZP532,WIG506
WNV480,BNJ617
QTJ294,SEG864
EJU774,FYB837
MHC923,QOM358
KVF238,FGM779
AOC851,UZO433
CIS668,NEG638
ZBX720,XGR638
ICP640,ZCZ875
MDK337,CMM974
MIX554,SHT756
ZFG782,RZI110
LUL292,JWU329
OEZ787,VWO720
AUY200,HVL253
AFT468,GAU707
JRX379,DFV439
LGI667,YAN495
HBM301,WSJ819
YIG934,WYW925
PYP243,FWD322
VNL903,JLB240
QWN136,CPL877
AAT125,MYO886
NFH943,CAE869
OFP967,DTO279
LEX327,GNM957
DHK869,ZNE792
EKA884,UTR264
YPG650,DDF797
LTU805,KBI247
VZX103,RSZ291
UHJ139,CQD447
WYH864,KXV596
FUN163,QMT888
FJS367,INA795
EVB608,AAN228
EAD776,DNP817
DVP984,SDC954
NGT902,UAU417
MTN706,UQG186
MBP455,HZX368
GRP215,XLH724
HZP532,AFJ535
WNV480,AFL377
QTJ294,TBZ192
EJU774,RGX667
MHC923,MPG887
KVF238,DGQ976
AOC851,PCS372
CIS668,HPY850
ZBX720,JOV452
ICP640,MRR896
MDK337,XMG858
MIX554,ZVL958
ZFG782,LZS804
LUL292,JSA446
OEZ787,SHN871
AUY200,IAO862
AFT468,IFX297
JRX379,OZB352
LGI667,PYR458
HBM301,NEZ110
YIG934,ITV434
PYP243,WGS375
VNL903,KDQ391
QWN136,ZZR127
AAT125,UOR375
NFH943,RBR953
OFP967,GPT268
LEX327,PYY250
DHK869,SOC912
EKA884,SPU821
YPG650,JON362
LTU805,QZY179
VZX103,ECT552
UHJ139,GBP541
WYH864,ZWG492
FUN163,WMW365
FJS367,MTW473
EVB608,FKM353
EAD776,JOU314
DVP984,XUW750
NGT902,VAA637
MTN706,XAH882
MBP455,NXG550
GRP215,XMK583
HZP532,MXV715
WNV480,HPM795
QTJ294,SSJ614
EJU774,XAF773
MHC923,RZG123
DUD466,RHM977
HSQ431,QTZ805
USH749,EEC851
TAR468,CWJ397
VTD485,OUK688
DTN732,OUY560
TLW337,NSK921
EJR103,XHF369
TMY945,MQI504
TEN268,TDM381
WYE217,GVU224
TTV763,LMD465
JXA775,AZX219
RPY940,CSV206
PDW559,YIN394
ZMP466,CQG634
KBG458,OOS267
GWF227,XNX651
QWT528,ZCP223
VJM766,SHN402
ZTH890,XUT952
GWP648,BEW119
QPO151,HUQ324
DUD466,XNA902
HSQ431,QQP542
USH749,GVZ511
TAR468,SJN618
VTD485,QLB285
DTN732,GCH544
TLW337,YDJ399
EJR103,VIM179
TMY945,VUX318
TEN268,BJQ700
WYE217,KAJ589
TTV763,DLE717
JXA775,XAQ171
RPY940,XFB179
PDW559,QON483
ZMP466,QPH501
KBG458,OWA589
GWF227,KXB570
QWT528,UBZ186
VJM766,ZIX879
ZTH890,YVR964
GWP648,AFV302
QPO151,RQT575
DUD466,QKU685
HSQ431,CJN742
USH749,JGP777
TAR468,YKN398
VTD485,WLN504
DTN732,MKG990
TLW337,UIE886
EJR103,HHE119
TMY945,ROU904
TEN268,YZJ844
WYE217,BSC457
TTV763,VOS768
JXA775,YTA108
RPY940,IIT816
PDW559,EST419
ZMP466,DGO550
KBG458,URX682
GWF227,AEJ580
QWT528,GMW371
VJM766,WBL602
ZTH890,WAM164
GWP648,FII165
QPO151,NFK993
DUD466,QUT812
HSQ431,JUE607
USH749,LCZ483
TAR468,DLY495
VTD485,WYJ297
DTN732,LYA561
TLW337,DKL240
EJR103,JCE903
TMY945,LSK490
TEN268,ABI633
WYE217,THU690
TTV763,QTX933
JXA775,NUS735
RPY940,YKP181
PDW559,OYH516
ZMP466,GEG106
KBG458,HSS621
GWF227,DJA544
QWT528,UOK980
VJM766,GPY778
ZTH890,DPN749
GWP648,LUI590
QPO151,LSZ444
DUD466,NHZ605
HSQ431,TNN942
USH749,RTP783
TAR468,OAP806
VTD485,JRQ562
DTN732,JAQ748
TLW337,BXO110
EJR103,IEM805
TMY945,DKZ584
TEN268,PWF874
WYE217,EAS875
TTV763,TUX176
JXA775,HUY838
RPY940,QRT995
PDW559,KRC657
ZMP466,HBB520
KBG458,UUI497
GWF227,MZG535
QWT528,OHB354
VJM766,PIM464
ZTH890,LCN543
GWP648,KLA694
QPO151,OER255
DUD466,PPR282
HSQ431,BVZ169
USH749,DAL296
TAR468,VRN152
VTD485,TKI682
DTN732,RLU488
TLW337,MTW973
EJR103,GXI894
TMY945,XZB368
TEN268,IPD240
WYE217,FJO770
TTV763,GWU687
JXA775,VCJ976
RPY940,ILM661
PDW559,NNK956
ZMP466,TLF447
KBG458,KOK986
GWF227,ZNL510
QWT528,REG807
VJM766,UYF821
ZTH890,OYJ998
GWP648,XSW275
QPO151,BVR755
DUD466,WGW697
HSQ431,AAZ546
USH749,NWG539
TAR468,KZA591
VTD485,WON798
DTN732,WGT140
TLW337,JBR999
EJR103,VXI736
TMY945,MQB532
TEN268,IMN461
WYE217,AIX458
TTV763,YXT941
JXA775,JSQ804
RPY940,FIA309
PDW559,VYM696
ZMP466,IKP186
KBG458,RDQ162
GWF227,QYX244
QWT528,BLR550
VJM766,AGN957
ZTH890,XKV969
GWP648,XUU957
QPO151,ZPP870
DUD466,BTP660
HSQ431,BML514
USH749,LHJ827
TAR468,OGX261
VTD485,WVJ279
DTN732,JNP983
TLW337,FKB998
EJR103,JZV172
TMY945,UOZ508
TEN268,BKH787
WYE217,PYZ575
TTV763,OTM645
JXA775,NHT732
RPY940,CMA392
PDW559,JVG283
ZMP466,JPP656
KBG458,HLQ860
GWF227,PSX463
QWT528,UOM587
VJM766,NMD859
ZTH890,KES691
GWP648,MBE382
QPO151,IWP697
DUD466,FHK654
HSQ431,JWK526
USH749,JUA995
TAR468,CII221
VTD485,DIU701
DTN732,YDQ849
TLW337,BCI275
EJR103,JYU804
TMY945,KKK648
TEN268,UFT685
WYE217,FYM147
TTV763,PKJ313
JXA775,HAR882
RPY940,UMH514
PDW559,ZSB776
ZMP466,XPF567
KBG458,NVB883
GWF227,EYW784
QWT528,MND909
VJM766,SNU691
ZTH890,ROW901
GWP648,MNN568
QPO151,NQU102
DUD466,KKC818
HSQ431,ZUF618
USH749,KHW287
TAR468,SDZ766
VTD485,XYX323
DTN732,AVL461
TLW337,HSY539
EJR103,QKW692
TMY945,XHT371
TEN268,OFC614
WYE217,PCZ806
TTV763,IUO779
JXA775,GKR172
RPY940,IDM715
PDW559,ZAW914
ZMP466,HTS928
RQI379,ITS799
KCC342,PEZ202
RJH842,RPK146
QWU663,ZVM767
PWX631,KEY841
VXA702,ADI199
DZU225,PGR427
IRG482,VOP837
SWD766,LRB661
NGV265,YVP277
RQI379,ZWM734
KCC342,QAC684
RJH842,MEX507
QWU663,QTK236
PWX631,MCV483
VXA702,IBA138
DZU225,OCU959
IRG482,EAT814
SWD766,RSV164
NGV265,FVH675
RQI379,YLM641
KCC342,KRU123
RJH842,MLX224
QWU663,YQY800
PWX631,QIZ920
VXA702,DMD997
DZU225,YJG775
IRG482,ATF285
SWD766,NSA733
NGV265,ZJQ113
RQI379,IOD627
KCC342,MZR895
RJH842,BDD322
QWU663,ZAE707
PWX631,SDU889
VXA702,AHI600
JQC608,PFO978
GPM568,AOS671
UJM101,XNY459
NPZ990,TEO863
ZOQ459,YWJ689
ROQ269,DEE389
URE898,GLK641
ATJ802,DDA681
CLN139,OUN400
OHD906,HEU862
PNQ613,HDO276
XWY315,LKG434
SEQ979,GJF617
NAS950,QWN274
JQC608,GKT952
GPM568,QLJ699
UJM101,SON806
NPZ990,JWE663
ZOQ459,QVC156
ROQ269,MOD559
URE898,FJJ350
ATJ802,EMS454
CLN139,ORB384
OHD906,UXV496
PNQ613,IBF191
XWY315,EYF194
SEQ979,XXS371
NAS950,MWI236
JQC608,XIW192
GPM568,UEI429
UJM101,HUX534
NPZ990,LZH964
ZOQ459,GPJ309
ROQ269,VXI553
URE898,SNF283
ATJ802,FSD771
CLN139,CMY247
OHD906,VRA452
PNQ613,KGR761
XWY315,ZZP948
SEQ979,HOQ230
NAS950,VIX824
JQC608,HTP987
GPM568,JSC157
UJM101,NCW913
NPZ990,SXA634
ZOQ459,BDC743
ROQ269,WNA408
URE898,PPL924
ATJ802,MKR327
CLN139,OPO894
OHD906,SNA734
PNQ613,IUW495
XWY315,VLP821
SEQ979,YQE102
NAS950,CXL966
JQC608,QDT593
GPM568,LYF820
UJM101,GRK950
NPZ990,ZDB122
ZOQ459,RLJ612
ROQ269,JWT141
URE898,QWZ857
ATJ802,PEJ475
CLN139,QQV525
OHD906,JDN470
PNQ613,SFM581
XWY315,TZB261
SEQ979,BYJ396
NAS950,UWH345
JQC608,OCX706
GPM568,QTS418
UJM101,DLA611
NPZ990,ILJ216
ZOQ459,HNU661
ROQ269,XGR170
URE898,WMK563
ATJ802,DGJ113
CLN139,WQI155
OHD906,QJB662
PNQ613,HSM715
XWY315,ZFD913
SEQ979,ETZ217
NAS950,TXK526
JQC608,GWW734
GPM568,JOX636
UJM101,IFG255
NPZ990,KRM589
ZOQ459,CHS523
ROQ269,RDP468
URE898,PTZ586
ATJ802,HPA894
CLN139,DEL830
OHD906,KDW636
PNQ613,LKF751
XWY315,XUZ535
SEQ979,ULD688
NAS950,TJZ290
JQC608,PNF459
GPM568,FZZ997
UJM101,INS790
NPZ990,UIH545
ZOQ459,FQC430
ROQ269,INR425
URE898,GTF452
ATJ802,IJY673
CLN139,FPN513
OHD906,JKQ542
PNQ613,HMY960
XWY315,ZPF331
SEQ979,PAY908
NAS950,RBR769
JQC608,EQT905
GPM568,TZF920
UJM101,KIJ204
NPZ990,FLL128
ZOQ459,WVD505
WCT538,ORP912
RQJ914,MLF790
LTD802,MDC307
YIQ387,VXB333
MCT570,RUI907
FVF551,PZA370
UKO687,OLY832
AJX813,QYP932
NMO294,XBI197
PDN298,MBP674
WCT538,GZN365
RQJ914,THB911
LTD802,HVE367
YIQ387,CPA530
MCT570,TID852
FVF551,OWE395
UKO687,WNZ295
AJX813,KRJ152
NMO294,ZGN652
PDN298,MEQ619
WCT538,BQN176
RQJ914,TIN205
LTD802,FNF807
YIQ387,EBO989
MCT570,OGH789
FVF551,MKP551
UKO687,IGF960
AJX813,XLV936
NMO294,TYM395
PDN298,YAT899
WCT538,RIP235
RQJ914,CJD199
LTD802,BGS346
YIQ387,DGS788
MCT570,NQF828
FVF551,XGQ295
UKO687,VAE862
AJX813,BRW747
NMO294,GJQ274
PDN298,USD441
WCT538,UJW171
RQJ914,OUQ591
LTD802,IPX265
YIQ387,QBN118
MCT570,HZX258
FVF551,CXG592
UKO687,BPZ264
AJX813,PVH242
NMO294,NKN163
PDN298,OUK698
WCT538,IVG320
RQJ914,HYK349
LTD802,VHA592
YIQ387,GSC209
MCT570,GSV381
FVF551,DPP406
UKO687,XDG889
AJX813,DVH128
NMO294,MHG680
PDN298,VSD637
WCT538,KUQ264
RQJ914,WSU156
LTD802,ARY597
YIQ387,GVF314
MCT570,WLH645
FVF551,NRV598
UKO687,UZK782
AJX813,FOS638
NMO294,VBR588
PDN298,NUM319
WCT538,JSO381
RQJ914,YBW859
LTD802,JEJ615
YIQ387,CGU136
MCT570,LSI941
FVF551,VGE894
UKO687,UPW907
AJX813,ZZD829
NMO294,JWC292
PDN298,MJF318
WCT538,TFI671
RQJ914,VUT384
LTD802,OAN305
YIQ387,GYX176
MCT570,ENG700
FVF551,CWF244
UKO687,FBB943
AJX813,BDL133
NMO294,JUI726
PDN298,KLX233
WCT538,NEB488
RQJ914,LMN414
LTD802,FJW683
YIQ387,OED724
MCT570,ESS192
FVF551,EVH163
UKO687,QZI887
AJX813,DFX415
NMO294,NXW189
PDN298,BNL858
WCT538,TNS292
RQJ914,CDU345
LTD802,QAE696
YIQ387,VVW327
MCT570,IBY875
FVF551,CRM697
UKO687,KGW187
AJX813,XEF720
NMO294,ARD360
PDN298,WHZ452
WCT538,FVL893
RQJ914,EBR814
LTD802,SHZ297
YIQ387,SZF165
MCT570,GEQ319
FVF551,BQO542
UKO687,GNA873
AJX813,JCU177
NMO294,JMS226
PDN298,ZBL238
WCT538,UXE859
RQJ914,FJU833
LTD802,MOP834
YIQ387,MCR596
MCT570,FJT983
FVF551,IOL649
UKO687,WPU617
AJX813,SBN401
NMO294,JLQ158
PDN298,FOU772
WCT538,QKG634
RQJ914,VWS987
LTD802,CPT108
YIQ387,UXL546
MCT570,EFX662
FVF551,NDR290
UKO687,IPV627
AJX813,RGU345
NMO294,GUZ778
PDN298,DWL328
WCT538,SMQ274
RQJ914,NBC248
LTD802,DVM328
YIQ387,KKG978
MCT570,FZV647
FVF551,XUF967
UKO687,SLQ419
AJX813,INM620
NMO294,ODN246
PDN298,YIL690
WCT538,HJN584
RQJ914,OYO224
LTD802,RCN510
YIQ387,EVJ696
MCT570,WFK605
FVF551,OYO913
UKO687,GST221
AJX813,JFR659
NMO294,DJN112
PDN298,KBE332
WCT538,ZON985
RQJ914,KSL716
LTD802,BBO836
YIQ387,XKM854
MCT570,QKM482
FVF551,BPU656
UKO687,LLC658
AJX813,CTM714
NMO294,DBO269
PDN298,VUX579
WCT538,QOH823
RQJ914,HPG593
LTD802,RTC758
YIQ387,RAP495
MCT570,JPO888
FVF551,VZG744
UKO687,GAI370
AJX813,CFZ928
NMO294,NWO221
PDN298,YVE988
WCT538,XTC839
RQJ914,RFC979
LTD802,COU150
YIQ387,NPH476
MCT570,BNR768
FVF551,JZX997
UKO687,CCF675
AJX813,JVV852
NMO294,OIA189
PDN298,XFU779
WCT538,WSA880
RQJ914,URN276
LTD802,JHN899
YIQ387,PXN539
MCT570,VMJ791
FVF551,CLN195
UKO687,LPD666
AJX813,WDF238
NMO294,VZE672
PDN298,GLW527
WCT538,MGF623
RQJ914,GGD843
LTD802,TTM498
YIQ387,VLA112
MCT570,NCO441
FVF551,QCS669
UKO687,FOK276
AJX813,CMY961
NMO294,UQV323
PDN298,TKX634
WCT538,UQX171
RQJ914,NWF708
LTD802,CUH654
YIQ387,CUZ678
MCT570,QKU689
FVF551,TVU573
UKO687,WRJ802
AJX813,HLB525
NMO294,AGI482
PDN298,GZC552
WCT538,POZ822
RQJ914,ZTA400
LTD802,VUH127
YIQ387,KPO877
MCT570,VGO806
FVF551,LMG712
UKO687,IQC849
AJX813,OJZ837
NMO294,SGD951
PDN298,HSJ924
WCT538,PQF400
RQJ914,LAF194
LTD802,ESN554
YIQ387,HBT852
MCT570,DGF898
FVF551,YGX702
UKO687,HLZ912
AJX813,LEX230
NMO294,HKB342
PDN298,KYS241
WCT538,BPT510
RQJ914,WFC818
LTD802,IGV928
YIQ387,KYE914
MCT570,GFD856
FVF551,JSS685
UKO687,MFO314
AJX813,GNG900
NMO294,SIE388
PDN298,QBB144
WCT538,JVJ630
RQJ914,ZXB608
LTD802,ZCI176
YIQ387,KGB597
MCT570,EFC586
FVF551,EZE441
UKO687,VXO841
AJX813,QRG917
NMO294,LAL505
PDN298,RUH410
WCT538,VBT475
RQJ914,DUU760
LTD802,QJY666
JTS637,PDT392
XOR129,TRW724
JTS637,ZPY119
XOR129,ASR785
JTS637,BIA180
XOR129,DYU716
JTS637,OBO946
XOR129,UXV355
JTS637,WHX175
XOR129,SJA552
JTS637,EMX546
XOR129,ZYC903
JTS637,WYL420
XOR129,IIB699
JTS637,KFJ328
XOR129,VQG252
JTS637,ADW823
XOR129,MDW245
JTS637,NZY231
XOR129,XUC711
JTS637,LMJ842
XOR129,KOO781
JTS637,OIF271
XOR129,DJX950
JTS637,PRX301
XOR129,KVN352
JTS637,OKU991
XOR129,AGF510
JTS637,DYJ443
XOR129,KJD375
JTS637,UWK387
XOR129,CFG142
JTS637,OAX629
XOR129,ULG991
JTS637,JGE727
XOR129,HGW698
JTS637,KND140
XOR129,VYK538
JTS637,PNJ114
XOR129,EYE727
JTS637,URH695
XOR129,UTO606
JTS637,QPA148
XOR129,CVK389
JTS637,NYJ849
XOR129,KEX124
JTS637,KEY892
XOR129,ZCD538
JTS637,KCC922
XOR129,RTF216
JTS637,LMN260
XOR129,MNJ696
JTS637,GHK422
XOR129,LAS719
JTS637,OIP747
XOR129,TFH940
JTS637,DBS794
XOR129,ZQO285
JTS637,NNH467
XOR129,RCU974
JTS637,GNE210
XOR129,QPU960
AFG496,EJM843
MER976,WJZ167
JZH768,VSA515
CJC181,CRI308
DYN292,HAJ969
OWK979,ZRC238
FKA928,VRW396
CJW102,KKI857
LIL640,MWG489
YRG124,YQD495
TWD641,YAK106
AVU400,QQV793
JCJ658,INT240
AFG496,LUL934
MER976,OMD402
JZH768,KQA827
CJC181,UMU526
DYN292,GUN763
OWK979,JFX834
FKA928,LOT653
CJW102,CMN719
LIL640,KRY547
YRG124,UJC879
TWD641,TFC552
AVU400,OAR961
JCJ658,EQT586
AFG496,YDQ606
MER976,WCH116
JZH768,HWY874
CJC181,VJK297
DYN292,SHB230
OWK979,MGJ249
FKA928,KXO573
CJW102,OEB205
LIL640,FZZ459
YRG124,ZKM825
TWD641,UWD776
AVU400,MQY346
JCJ658,QCT582
AFG496,IMP828
MER976,WGF636
JZH768,EHZ505
CJC181,WBL806
DYN292,NWA567
OWK979,MOH331
FKA928,QVO813
CJW102,VTO271
LIL640,ZFW348
YRG124,XMP965
TWD641,JSP153
AVU400,UKP979
JCJ658,SSQ590
AFG496,XPO935
MER976,MDO358
JZH768,NTP197
CJC181,PFT479
DYN292,LPJ668
OWK979,VEY180
FKA928,XJX929
CJW102,MCX366
LIL640,HZK305
YRG124,EID199
TWD641,VVI368
AVU400,KEO539
JCJ658,SVT554
AFG496,WDG120
MER976,OMI901
JZH768,ODZ134
CJC181,GKL999
DYN292,JSO969
OWK979,PCK955
FKA928,ZJH850
CJW102,JOM521
LIL640,CWC496
YRG124,BEF591
TWD641,CIN262
AVU400,LRN100
JCJ658,RVU363
AFG496,BDJ930
MER976,NXA336
JZH768,YFL787
CJC181,DKD950
DYN292,GII999
OWK979,IQU707
FKA928,JEC296
CJW102,AME329
LIL640,BGQ582
YRG124,UIL118
TWD641,UUN702
AVU400,NEP752
JCJ658,SKV973
AFG496,SJX214
MER976,PUA982
JZH768,DCL923
CJC181,GJA814
DYN292,CFM103
OWK979,RLP223
FKA928,BRH106
CJW102,GZU966
LIL640,OOW638
YRG124,OWI760
TWD641,BJO656
AVU400,QEM197
JCJ658,EVG299
AFG496,AIG846
MER976,RNG230
JZH768,OPJ428
CJC181,VBW852
DYN292,MIQ170
OWK979,PWF287
FKA928,UZC302
CJW102,AMD711
LIL640,HVL921
YRG124,PJY429
TWD641,IRM433
AVU400,JYL253
JCJ658,XHA156
AFG496,OKG671
MER976,LWM827
JZH768,GQH920
CJC181,COK311
DYN292,TCG147
OWK979,YVM752
FKA928,WNV202
CJW102,VBC420
LIL640,VQF113
YRG124,IKL396
TWD641,TCX215
AVU400,OGW549
JCJ658,CTY785
AFG496,BZH471
MER976,YCJ951
JZH768,YXH313
NDK558,VCM273
DCP897,IKA718
NDK558,BPQ632
DCP897,KBR796
NDK558,USO622
DCP897,UQY228
NDK558,LDG804
DCP897,NGY572
NDK558,NLW200
DCP897,ZKU525
NDK558,JJE515
DCP897,VBI587
NDK558,GOF795
DCP897,YHO142
NDK558,SSB144
DCP897,NPG878
NDK558,QKH438
DCP897,DIS699
NDK558,AQO130
DCP897,QTH226
NDK558,JRK333
DCP897,QKC584
NDK558,NDG415
DCP897,EHK790
NDK558,WQP288
DCP897,EGH974
NDK558,XIB282
DCP897,RFL341
NDK558,VQF711
DCP897,LDP472
NDK558,RGF958
DCP897,AJN648
NDK558,EZX647
IVG462,SNF355
EDV780,HUM678
FOV996,BRB216
SJZ607,JIE390
MTM379,UAH461
OGK684,FCT129
KMD288,XUS658
MWP304,LWE749
GDI330,ZEA127
DOG795,BJU893
IVG462,BXA420
EDV780,HDK103
FOV996,MPV538
SJZ607,ITA585
MTM379,XKJ857
OGK684,KRM390
KMD288,CEE787
MWP304,BVF555
GDI330,NOX382
DOG795,SXY479
IVG462,HLL741
EDV780,JQL471
FOV996,GLH134
SJZ607,KXZ755
MTM379,CTU198
OGK684,RFG992
KMD288,PTI236
MWP304,PXA428
GDI330,PLU798
DOG795,BRN947
IVG462,MEF187
EDV780,PUX777
FOV996,LNT696
SJZ607,NFU330
MTM379,MHC603
OGK684,RER487
KMD288,ZMB397
MWP304,ZIW205
GDI330,YUU453
DOG795,VDW114
IVG462,IWU605
EDV780,PDB910
FOV996,WJP494
SJZ607,CNU359
MTM379,DAJ743
OGK684,MDD831
KMD288,DAG112
MWP304,AZV453
GDI330,XEW863
DOG795,PPC318
IVG462,LLU988
EDV780,QOJ470
FOV996,WRH169
SJZ607,FCD949
MTM379,ZSA499
OGK684,YDM792
KMD288,FQZ357
MWP304,CCC674
GDI330,VKV904
DOG795,QYA294
IVG462,BPE136
EDV780,PGM877
FOV996,WHJ503
SJZ607,NJR468
MTM379,LSB842
OGK684,SNG667
KMD288,MEB901
MWP304,GOA626
GDI330,QRR571
DOG795,YLZ405
IVG462,AMK943
EDV780,UTL138
FOV996,GJJ561
SJZ607,WAN664
MTM379,IYK913
OGK684,OJZ143
KMD288,GTY809
MWP304,GQR648
GDI330,GAE336
DOG795,CYW243
IVG462,IQI861
EDV780,VWU703
FOV996,SHV353
SJZ607,JVU120
MTM379,WIT884
OGK684,PJR411
KMD288,GWI774
MWP304,ZXC166
GDI330,ASC740
DOG795,SJN576
IVG462,FHJ558
EDV780,ISP187
FOV996,NLN491
SJZ607,SPU183
MTM379,HEA741
OGK684,FTM609
KMD288,FEL108
MWP304,GUZ363
GDI330,MSV811
DOG795,HLK227
IVG462,YXS682
EDV780,VNU418
FOV996,ONW544
SJZ607,PRR865
MTM379,HLU976
OGK684,CSN432
KMD288,RLO510
MWP304,LQW872
GDI330,GOD548
DOG795,OKJ303
IVG462,UVH649
EDV780,ISQ697
FOV996,MHU284
SJZ607,TUI239
MTM379,XLJ294
OGK684,IGE807
KMD288,YAD902
MWP304,TND501
GDI330,BBK804
DOG795,JBZ790
IVG462,KQQ532
EDV780,QHN306
FOV996,VDA617
SJZ607,RSP329
MTM379,ARC932
OGK684,KFB285
KMD288,XER993
MWP304,VJG218
GDI330,NAN422
DOG795,KGJ608
IVG462,KDU256
EDV780,AZB641
FOV996,TTP653
SJZ607,UVB251
MTM379,ABC426
OGK684,XMH123
KMD288,TCW641
MWP304,GMR272
GDI330,XJP811
DOG795,BLF837
IVG462,LCK298
EDV780,AQB523
FOV996,SCF117
SJZ607,CFW477
MTM379,XUG162
OGK684,TAE793
KMD288,VTO808
MWP304,CYN265
GDI330,XDW713
DOG795,XOR791
IVG462,SSN686
EDV780,ZQD208
FOV996,OED854
SJZ607,XMB360
MTM379,YQD837
OGK684,KPR527
KMD288,OZR782
MWP304,XPF104
GDI330,NKO253
DOG795,IAJ597
IVG462,SHI339
EDV780,QSB437
FOV996,YFI528
SJZ607,JGM234
MTM379,ZOK526
OGK684,QYN933
KMD288,SRD217
MWP304,XYG762
GDI330,IHB595
DOG795,CDT385
IVG462,QNG200
EDV780,FRU232
FOV996,UZO237
SJZ607,MYQ223
MTM379,EQF711
OGK684,QFH665
KMD288,JXH467
MWP304,FLQ347
GDI330,WFY251
DOG795,FLP937
IVG462,WRV424
EDV780,GIB155
FOV996,AZZ628
SJZ607,UNH502
MTM379,SEH603
OGK684,ZJB517
KMD288,MVZ799
MWP304,GCB509
KYO978,BEM911
HXB783,WEI792
TJG954,XJV161
BJU261,IDU671
CMV742,FWZ227
OJB720,MEA992
AEL416,MHA642
LMC325,YXQ806
QXU953,UEF188
UNP598,RTB458
ESR189,MJT619
XRQ434,QXE169
BBI770,BMF847
CKD949,PIP854
IRW724,RLH389
QLC185,DRF748
INL605,OCZ314
PEW367,UDI478
PAV894,ONY253
KYO978,CRB337
HXB783,XXW137
TJG954,AMO257
BJU261,NGJ812
CMV742,NHS771
OJB720,MXN260
AEL416,GEE584
LMC325,DMT814
QXU953,AMQ813
UNP598,LIG852
ESR189,UTU744
XRQ434,BNW254
BBI770,OOT350
CKD949,HKX668
IRW724,YMX256
QLC185,TYO554
INL605,HXU283
PEW367,XFX920
PAV894,XND718
KYO978,KXC407
HXB783,ADZ331
TJG954,AQE782
BJU261,TPE849
CMV742,VHS201
OJB720,RQV783
AEL416,NZO891
LMC325,NST709
QXU953,EXS983
UNP598,WHA911
ESR189,DYJ552
XRQ434,AZW895
BBI770,HBO397
CKD949,QVR146
IRW724,ZCG989
QLC185,OSK308
INL605,SPH321
PEW367,SQC448
PAV894,POB412
KYO978,TYF793
HXB783,DKS727
TJG954,YVB959
BJU261,LUP157
CMV742,AVT897
OJB720,OWE762
AEL416,VXQ541
LMC325,ZSA242
QXU953,WJU975
UNP598,LQP218
ESR189,QZN653
XRQ434,OGU291
BBI770,PYB487
CKD949,TSD638
IRW724,XAC127
QLC185,LGI946
INL605,QSS825
PEW367,FRN734
PAV894,SIA524
KYO978,DIG341
HXB783,HGX756
TJG954,JVY875
BJU261,TMB992
CMV742,JUR285
OJB720,KBV241
AEL416,YIJ224
LMC325,RTC698
QXU953,HAC572
UNP598,KNL922
ESR189,LKL678
XRQ434,HLH866
BBI770,YII719
CKD949,UVE712
IRW724,GKF695
QLC185,YBE191
INL605,FZQ625
PEW367,VRO311
PAV894,YQV665
KYO978,ZDN782
HXB783,GJD851
TJG954,DMS344
BJU261,GLU821
CMV742,HDH533
OJB720,MXM133
AEL416,ITQ441
LMC325,FLA273
QXU953,REG631
UNP598,DEN780
ESR189,JND808
XRQ434,LNB283
BBI770,LZY395
CKD949,ISO933
IRW724,IMN283
QLC185,TXB217
INL605,SEU209
PEW367,BMM183
PAV894,HRS298
KYO978,AFU772
HXB783,XIW725
TJG954,VFC109
BJU261,JMG170
CMV742,SOS702
OJB720,WAP938
AEL416,HDQ741
LMC325,JHC652
QXU953,AUB368
